Twitter Handle & User Name,Tweet, external URL,Hashtags,Date of Tweet,Followers,Following,RT,FAV
"NOS , NOS","b""Leider 'harde' brexiteers wil van May af en stelt leiderschapsvraag na brexit-debat: https://t.co/WrV2PckoCG""",http://nos.nl/l/2259357,no hashtags in this tweet,Thu Nov 15 14:57:53 +0000 2018,1043720,412,8,3
"NOS , NOS",b'63.000 euro voor dakloze die terrorist Melbourne met winkelwagentje aanviel https://t.co/oU5Uc09SY0',https://nos.nl/l/2258883,no hashtags in this tweet,Sun Nov 11 18:32:41 +0000 2018,1043720,412,16,61
"NOS , NOS",b'AIVD: terroristische dreiging tegen het Westen verdwijnt komende jaren niet https://t.co/9LDmzL0nOj',https://nos.nl/l/2258027,no hashtags in this tweet,Mon Nov 05 14:01:15 +0000 2018,1043720,412,54,19
"NOS , NOS",b'Het gaat goed met het leeuwtje dat een maand geleden door een hardloper werd gevonden in een hondenbench in een wei\\u2026 https://t.co/u7266HMvtz',https://twitter.com/i/web/status/1059073226414940166,no hashtags in this tweet,Sun Nov 04 13:21:48 +0000 2018,1043720,412,44,270
"NOS , NOS",b'KNVB: hardere maatregelen tegen vuurwerk op tribunes https://t.co/zLeQZWHQb3',https://nos.nl/l/2257670,no hashtags in this tweet,Sat Nov 03 10:18:07 +0000 2018,1043720,412,15,50
"NOS , NOS",b'Een combinatie van harde wind en sterke stroming in de haven van Barcelona zorgde voor een opvallend ongeluk met de\\u2026 https://t.co/tqnQuOzBzn',https://twitter.com/i/web/status/1057732414183800836,no hashtags in this tweet,Wed Oct 31 20:33:53 +0000 2018,1043720,412,38,44
"NOS , NOS",b'Broer van terrorist Salah Abdeslam cel in wegens overval https://t.co/v25mCFwf2N',https://nos.nl/l/2257287,no hashtags in this tweet,Wed Oct 31 17:43:47 +0000 2018,1043720,412,20,14
"NOS , NOS",b'Tiener heeft harddrugs en 69 kilo illegaal vuurwerk in huis https://t.co/mW8mJaN443',https://nos.nl/l/2256179,no hashtags in this tweet,Wed Oct 24 08:42:37 +0000 2018,1043720,412,15,15
"NOS , NOS",b'Verongelukte trein Marokko reed veel te hard https://t.co/rTJxRb5Gqv',https://nos.nl/l/2256073,no hashtags in this tweet,Tue Oct 23 13:38:42 +0000 2018,1043720,412,6,2
"NOS , NOS",b'Aandeel Philips op de beurs hard onderuit  https://t.co/SdDUciLj7s',https://nos.nl/l/2255955,no hashtags in this tweet,Mon Oct 22 16:00:55 +0000 2018,1043720,412,11,1
"NOS , NOS","b""'Extern meldpunt Defensie hard nodig, nu keurt slager zijn eigen vlees' https://t.co/0j2RUhn5k1""",https://nos.nl/l/2254931,no hashtags in this tweet,Mon Oct 15 14:33:51 +0000 2018,1043720,412,6,6
"NOS , NOS",b'OM steeds meer overtuigd van terroristisch motief Syrische messteker https://t.co/XMJYlCqPY8',https://nos.nl/l/2254887,no hashtags in this tweet,Mon Oct 15 09:01:55 +0000 2018,1043720,412,37,35
"NOS , NOS",b'Trump tegen dominee Brunson: we hebben hard onderhandeld https://t.co/QvzAGFGwJL',https://nos.nl/l/2254679,no hashtags in this tweet,Sat Oct 13 19:30:04 +0000 2018,1043720,412,7,6
"NOS , NOS",b'Smartphones en wiet: smokkel in gevangenis blijft hardnekkig probleem https://t.co/b9I9NI5OYo',https://nos.nl/l/2254523,no hashtags in this tweet,Fri Oct 12 15:28:04 +0000 2018,1043720,412,4,5
"NOS , NOS",b'Michael hard op weg naar Florida https://t.co/MHsnwUifnm',https://nos.nl/l/2254253,no hashtags in this tweet,Wed Oct 10 17:23:06 +0000 2018,1043720,412,8,4
"NOS , NOS",b'Schoksgewijze en harde energietransitie kan 160 miljard euro kosten https://t.co/6kh1U95Vgy',https://nos.nl/l/2253904,no hashtags in this tweet,Mon Oct 08 11:03:17 +0000 2018,1043720,412,15,3
"NOS , NOS",b'Twee hardlopers overleden kort na finish halve marathon Wales https://t.co/SoXUFLZaQw',https://nos.nl/l/2253855,no hashtags in this tweet,Mon Oct 08 02:14:59 +0000 2018,1043720,412,8,6
"NOS , NOS",b'Minister wil amputeren paardenstaarten harder aanpakken  https://t.co/VpsjCXRTzo',https://nos.nl/l/2253209,no hashtags in this tweet,Wed Oct 03 13:14:15 +0000 2018,1043720,412,9,26
"NOS , NOS",b'Politie en internetaanbieders gaan samen kinderporno harder aanpakken https://t.co/NQeT84cPbX',https://nos.nl/l/2253008,no hashtags in this tweet,Tue Oct 02 07:35:31 +0000 2018,1043720,412,7,19
"NOS , NOS","b""'Turkije vroeg Duitsland voor staatsbezoek om uitlevering 'terroristen'' https://t.co/7GPFkBrci0""",https://nos.nl/l/2252470,no hashtags in this tweet,Fri Sep 28 13:13:40 +0000 2018,1043720,412,4,1
"NOS , NOS",b'Orkapopulaties dreigen te verdwijnen door hardnekkige giftige stof https://t.co/b2MoZM3bsx',https://nos.nl/l/2252410,no hashtags in this tweet,Fri Sep 28 02:42:48 +0000 2018,1043720,412,16,4
"NOS , NOS","b'Politie verijdelt terroristische aanslag in Nederland, zeven mannen aangehouden https://t.co/xlSlo7Xwc4'",https://nos.nl/l/2252382,no hashtags in this tweet,Thu Sep 27 17:19:35 +0000 2018,1043720,412,156,238
"NOS , NOS",b'Coalitie wil scheefwoners harder aanpakken  https://t.co/XsmZ1w2p0n',https://nos.nl/l/2252154,no hashtags in this tweet,Wed Sep 26 07:58:12 +0000 2018,1043720,412,15,18
"NOS , NOS","b'Meer passagiers op de nationale luchthavens, Maastricht groeit het hardst  https://t.co/S1SRGsVDZq'",https://nos.nl/l/2251969,no hashtags in this tweet,Tue Sep 25 00:42:54 +0000 2018,1043720,412,4,5
"NUnl , NU.nl",b'Politieagent gewond na mogelijke terroristische aanval in Brussel: https://t.co/fjm04v2IzK',https://op.nu.nl/2DxNiUv,no hashtags in this tweet,Tue Nov 20 06:27:54 +0000 2018,1501988,0,11,8
"NUnl , NU.nl",b'Bikkelhard en onoverwinnelijk: Een profiel van toptalent Matthijs de Ligt: https://t.co/VdfpPNyyZ5',https://www.nu.nl/weekend/5572370/bikkelhard-en-onoverwinnelijk-profiel-van-toptalent-matthijs-ligt.html,no hashtags in this tweet,Fri Nov 16 21:06:35 +0000 2018,1501988,0,1,19
"NUnl , NU.nl",b'Beginnend bestuurder rijdt 110 kilometer per uur te hard in Gelderland: https://t.co/xgF8gGXAVa',http://bit.ly/2POML7s,no hashtags in this tweet,Sun Nov 11 12:39:44 +0000 2018,1501988,0,9,14
"NUnl , NU.nl",b'Prins Bernhard verwacht dat F1-race in Zandvoort financieel mogelijk is: https://t.co/Y6LGtoVQeS',http://bit.ly/2CYhVlV,no hashtags in this tweet,Fri Nov 02 17:57:29 +0000 2018,1501988,0,7,38
"NUnl , NU.nl",b'Syri\\xebr aangehouden in Amsterdam voor deelname terroristische organisatie: https://t.co/SOcDRlDCW4',http://bit.ly/2CQYs6p,no hashtags in this tweet,Tue Oct 30 17:28:22 +0000 2018,1501988,0,8,9
"NUnl , NU.nl",b'CNN-baas haalt hard uit naar Trump na reeks bompakketten https://t.co/7uMZwZSkKC',https://www.nu.nl/buitenland/5532479/cnn-baas-haalt-hard-trump-reeks-bompakketten.html,no hashtags in this tweet,Wed Oct 24 20:23:43 +0000 2018,1501988,0,18,32
"NUnl , NU.nl",b'Weerbericht: Herfstige dag met regen en harde wind: https://t.co/zI7lDsduiw',http://bit.ly/2PiFah8,no hashtags in this tweet,Tue Oct 23 03:42:11 +0000 2018,1501988,0,8,7
"NUnl , NU.nl",b'Duitse autoriteiten verijdelen terroristische aanslag door IS: https://t.co/jDhqZUKfma',http://bit.ly/2PIA22V,no hashtags in this tweet,Wed Oct 17 18:25:07 +0000 2018,1501988,0,5,15
"NUnl , NU.nl",b'Update: Dodental als gevolg van de terroristische aanslag op een hogeschool op Krim stijgt. Zeker vijftig mensen zi\\u2026 https://t.co/iNqi5QRMS7',https://twitter.com/i/web/status/1052525982933032961,no hashtags in this tweet,Wed Oct 17 11:45:23 +0000 2018,1501988,0,20,9
"NUnl , NU.nl",b'Zeker tien doden door terroristische aanslag op school in Krim. Dader zou zichzelf hebben opgeblazen. https://t.co/WtGOxpY3L0',https://www.nu.nl/buitenland/5518790/zeker-tien-doden-terroristische-aanslag-school-in-krim.html,no hashtags in this tweet,Wed Oct 17 11:25:37 +0000 2018,1501988,0,5,2
"NUnl , NU.nl",b'Duitse politie houdt rekening met terroristisch motief bij gijzeling in Keulen: https://t.co/GESCuMylLn',http://bit.ly/2yjJymm,no hashtags in this tweet,Mon Oct 15 18:26:01 +0000 2018,1501988,0,11,10
"NUnl , NU.nl",b'Reisadvies VS voor Nederland aangescherpt wegens terroristische dreiging: https://t.co/73ljwquwz0',http://bit.ly/2xTWqPV,no hashtags in this tweet,Wed Oct 03 03:46:45 +0000 2018,1501988,0,9,7
"NUnl , NU.nl",b'Neonazistische terroristengroep Duitse Chemnitz plande meer aanslagen: https://t.co/TTCOOlZ2m4',http://bit.ly/2xPye18,no hashtags in this tweet,Mon Oct 01 16:21:40 +0000 2018,1501988,0,12,13
"NUnl , NU.nl",b'Verdachten terroristische aanslag verbleven op vakantiepark Weert: https://t.co/T157E3ipkQ',http://bit.ly/2xJI9Fk,no hashtags in this tweet,Thu Sep 27 22:17:38 +0000 2018,1501988,0,14,8
"NUnl , NU.nl",b'Zeven aanhoudingen voor voorbereiden terroristische aanslag Nederland: https://t.co/eN77DQmfUd',http://bit.ly/2OVGz9Z,no hashtags in this tweet,Thu Sep 27 17:23:38 +0000 2018,1501988,0,17,24
"NUnl , NU.nl",b'Vermeende topcrimineel Richard R. in verband gebracht met meerdere liquidaties: https://t.co/LGCbjfabfS',http://bit.ly/2DtKgT2,no hashtags in this tweet,Tue Sep 25 12:07:38 +0000 2018,1501988,0,1,1
"NUnl , NU.nl",b'Rutte legt idee Dijkhoff voor harde aanpak probleemwijken naast zich neer: https://t.co/jzjscpnDqv',http://bit.ly/2O1NrFr,no hashtags in this tweet,Fri Sep 21 14:01:28 +0000 2018,1501988,0,2,7
"NUnl , NU.nl","b""Rutte over uitzetting Lili en Howick: 'Soms moet je hard zijn': https://t.co/MqMrq6mcGk""",http://bit.ly/2M9PUbO,no hashtags in this tweet,Fri Sep 07 14:32:10 +0000 2018,1501988,0,38,136
"NUnl , NU.nl",b'Rechtszaak van rapper Boef wegens te hard rijden uitgesteld: https://t.co/le6qOOemvG',https://www.nu.nl/achterklap/5451611/rechtszaak-rapper-boef-uitgesteld-.html,no hashtags in this tweet,Fri Sep 07 09:50:24 +0000 2018,1501988,0,2,6
"NUnl , NU.nl",b'Levensverwachting stijgt minder hard: https://t.co/75L5WhqOsV',http://bit.ly/2oO8tt6,no hashtags in this tweet,Thu Sep 06 22:29:07 +0000 2018,1501988,0,9,7
"NUnl , NU.nl",b'Verdachte steekpartij Amsterdam Centraal had terroristisch motief: https://t.co/a2j5Mys6z6',http://bit.ly/2LLJPlZ,no hashtags in this tweet,Sat Sep 01 16:28:01 +0000 2018,1501988,0,13,8
"NUnl , NU.nl","b""'Politie onderzoekt terroristisch motief bij steekincident Amsterdam Centraal': https://t.co/5QZ7fqyk7g""",http://bit.ly/2NzHjAM,no hashtags in this tweet,Fri Aug 31 19:46:01 +0000 2018,1501988,0,5,3
"NUnl , NU.nl",b'Man (43) uit Lingewaard vast op verdenking van voorbereiden terroristisch misdrijf: https://t.co/bD3IWWff6y',http://bit.ly/2PLCeqx,no hashtags in this tweet,Wed Aug 29 12:04:55 +0000 2018,1501988,0,1,1
"dutchdailynews , Dutch Daily News","b'65 years ago - on Feb 1, 1953 - the southwestern part of the #Netherlands witnessed its worst #flood disaster in hi\\u2026 https://t.co/VvWy4FTzCL'",https://twitter.com/i/web/status/958973536139345920,"['Netherlands', 'flood']",Thu Feb 01 08:01:22 +0000 2018,10686,3181,13,6
"dutchdailynews , Dutch Daily News",b'RT Iamsterdam: We remember Eberhard van der Laan with much love and warmth. We are grateful that he served as our \\u2026 https://t.co/5aH6JiJjwR',https://twitter.com/i/web/status/916558797803589632,no hashtags in this tweet,Sat Oct 07 11:58:11 +0000 2017,10686,3181,0,1
"dutchdailynews , Dutch Daily News",b'RT Iamsterdam: Mayor Eberhard van der Laan passed away yesterday evening in Amsterdam. https://t.co/3GkjwfhLii https://t.co/J6RpKFWwkS',https://www.amsterdam.nl/mayorvanderlaan,no hashtags in this tweet,Fri Oct 06 13:59:30 +0000 2017,10686,3181,1,0
"dutchdailynews , Dutch Daily News","b'RT henkovink: On my way heading #Dutch #trademission to Canada with great line up of ""resilient city"" companies Du\\u2026 https://t.co/kHVzBBT85E'",https://twitter.com/i/web/status/914754489147645952,"['Dutch', 'trademission']",Mon Oct 02 15:06:51 +0000 2017,10686,3181,0,0
"dutchdailynews , Dutch Daily News","b'RT Iamsterdam: Dear Mayor Eberhard, thank you for your unwavering commitment and enthusiasm to our city and its re\\u2026 https://t.co/xNgrVnPyOI'",https://twitter.com/i/web/status/910138989612544000,no hashtags in this tweet,Thu Sep 21 12:36:05 +0000 2017,10686,3181,1,0
"dutchdailynews , Dutch Daily News",b'A building can hardly get greener than this: a rooftop #organic farm by #Dutch UrbanFarmers_NL with fish &amp; veg\\u2026 https://t.co/ELRrwZbgyB',https://twitter.com/i/web/status/897352205380063232,"['organic', 'Dutch']",Tue Aug 15 07:03:13 +0000 2017,10686,3181,1,0
"dutchdailynews , Dutch Daily News","b'Almost weekend, time for home improvements &amp; DIY. The #Dutch have tool and hardware-sharing platform Peerby to hel\\u2026 https://t.co/H1J3L9pG93'",https://twitter.com/i/web/status/893369676906070017,['Dutch'],Fri Aug 04 07:18:23 +0000 2017,10686,3181,0,1
"dutchdailynews , Dutch Daily News","b'#Holland &amp; #Canada join forces to work on #resilient cities, #water and #energy https://t.co/G2n41fx55i MinBZ https://t.co/EDDD38vTvy'",http://bit.ly/2ka4l4R,"['Holland', 'Canada', 'resilient', 'water', 'energy']",Fri Feb 03 16:25:11 +0000 2017,10686,3181,4,4
"dutchdailynews , Dutch Daily News",b'Bet you can hardly imagine your daily workflow without it: WeTransfer. #DidYouKnow it\\u2019s a #Dutch startup?\\u2026 https://t.co/mOiO13u2Jz',https://twitter.com/i/web/status/827433975555686401,"['DidYouKnow', 'Dutch']",Fri Feb 03 08:30:16 +0000 2017,10686,3181,0,1
"dutchdailynews , Dutch Daily News",b'RT business: Airbnb toughens up its home-sharing limits in 2 cities https://t.co/fTPXdNc4HP https://t.co/txsq4KyQ4e',http://bloom.bg/2gCc5sV,no hashtags in this tweet,Thu Dec 01 13:28:20 +0000 2016,10686,3181,1,1
"dutchdailynews , Dutch Daily News",b'Dutch engineers MammoetHolding shift New Safe Confinement over Chernobyl nuclear disaster site # https://t.co/GfKbeZ4IJ8',no external urls in this tweet,no hashtags in this tweet,Wed Nov 30 17:02:48 +0000 2016,10686,3181,1,0
"dutchdailynews , Dutch Daily News",b'RT hollandplusyou: Music to our ears!\\U0001f1f3\\U0001f1f1 Congratulations to the best #DJs in the world! martingarrix hardwell armin\\u2026 https://t.co/keAEzl6hm7',https://twitter.com/i/web/status/788979968525107200,['DJs'],Thu Oct 20 10:14:13 +0000 2016,10686,3181,0,2
"dutchdailynews , Dutch Daily News","b""Scientists of Dutch university tudelft #innovate world's smallest #harddisk, 500 Terabits per square inch. https://t.co/cuWUdJD5If""",http://bit.ly/2abf07p,"['innovate', 'harddisk']",Mon Aug 01 07:09:37 +0000 2016,10686,3181,3,2
"dutchdailynews , Dutch Daily News","b""Congratulations to #Dutch #cyclist tom_dumoulin for winning today's tough #TDF2016 stage! https://t.co/afs45fQOGX https://t.co/jO1lcRjEgZ""",http://bit.ly/29qYdxd,"['Dutch', 'cyclist', 'TDF2016']",Sun Jul 10 16:27:56 +0000 2016,10686,3181,0,2
"dutchdailynews , Dutch Daily News","b'RT henkovink: ""Think big, start small, be resilient"" MinPres #innovationthroughcollaboration #powerofwater hannove\\u2026 https://t.co/40h2um5myC'",no external urls in this tweet,"['innovationthroughcollaboration', 'powerofwater']",Mon Apr 25 09:54:01 +0000 2016,10686,3181,2,0
"dutchdailynews , Dutch Daily News",b'Dutch cities work together for a #climate resilient #urban #environment. (Via Cities_Today) \\u2026 https://t.co/LFNuoJ3jbU',no external urls in this tweet,"['climate', 'urban', 'environment']",Fri Apr 15 07:00:42 +0000 2016,10686,3181,3,6
"dutchdailynews , Dutch Daily News",b'RT BTahzibLie: FM Koenders UN:\\n\\U0001f449Climate+security+peace are interlinked\\n\\U0001f449#KingdomNL helps strengthen resilience to \\u2026 https://t.co/bjWadlvyUe',no external urls in this tweet,['KingdomNL'],Tue Jan 26 08:50:52 +0000 2016,10686,3181,1,0
"dutchdailynews , Dutch Daily News",b'RT HollandWater: Experts showcase innovative practices disaster prevention at #UNSGAB New York #water \\u2026 https://t.co/Jl5hONrc6P',no external urls in this tweet,"['UNSGAB', 'water']",Wed Nov 18 14:29:06 +0000 2015,10686,3181,1,0
"dutchdailynews , Dutch Daily News",b'RT henkovink: Intense work resilient future  #TRUP CityofCT WesternCapeGov HorbachBonnie EF___ RHDHV WitteveenBos \\u2026 http://t.co/A4oW8IEZH7',no external urls in this tweet,['TRUP'],Fri Sep 04 07:37:25 +0000 2015,10686,3181,0,0
"dutchdailynews , Dutch Daily News",b'RT HollandWater: Many different shades of living with water at  #WWWeek siwi_water http://t.co/vEK0T4T2iU  henkovink #disasterriskreducti\\u2026',http://www.dutchwatersector.com/news-events/news/15063-stockholm-world-water-week-many-different-shades-of-living-with-water.html,"['WWWeek', 'disasterriskreducti']",Tue Aug 25 10:42:33 +0000 2015,10686,3181,0,0
"dutchdailynews , Dutch Daily News","b""RT Richard_Florida: Berlin is 9th, Singapore 10, Paris 11, Bangalore 15, Amsterdam 19 on new ranking of world's st\\u2026 http://t.co/OcUss72tgB""",http://www.citylab.com/tech/2015/07/the-worlds-leading-startup-cities/399623/,no hashtags in this tweet,Tue Jul 28 13:34:59 +0000 2015,10686,3181,1,1
"dutchdailynews , Dutch Daily News",b'Dutch #startup #innovation: hard work of the past give way to immense promise of the future. (via TechCrunch) http://t.co/ljqgHjBqG0',http://tcrn.ch/1NKyKN5,"['startup', 'innovation']",Tue Jul 07 08:28:17 +0000 2015,10686,3181,1,0
"dutchdailynews , Dutch Daily News",b'Older unemployed workers have hard time finding jobs in The Netherlands http://t.co/bZgbg27jCn',http://www.dutchdailynews.com/older-unemployed-have-hard-time-finding-jobs/,no hashtags in this tweet,Thu Jun 11 17:03:07 +0000 2015,10686,3181,1,0
"dutchdailynews , Dutch Daily News","b'RT henkovink: Living with water, a tough cultural change but necessary! camanpour rebuildbydesign RockefellerFdn  \\u2026 http://t.co/TunITHe0No'",http://amanpour.blogs.cnn.com/2014/05/13/climate-change-dutch-netherlands-henk-ovink-new-york-rebuild-by-design/,no hashtags in this tweet,Wed Jun 03 17:36:22 +0000 2015,10686,3181,0,0
"dutchdailynews , Dutch Daily News","b'RT NFIANorthAmeric: Skilled, hardworking and extremely cooperative: Holland\\u2019s #workforce is setting the pace for E\\u2026 https://t.co/OMAjdvrYZv'",https://twitter.com/OECD_Pubs/status/595868131496591360,['workforce'],Thu May 07 09:45:25 +0000 2015,10686,3181,1,0
"dutchdailynews , Dutch Daily News","b""The Economic Times: #Bollywood is a great influence, says #Amsterdam's Mayor Eberhard van der Laan http://t.co/WmJJtRu6x4""",http://ecoti.ms/owuMuY,"['Bollywood', 'Amsterdam']",Thu Apr 02 07:47:05 +0000 2015,10686,3181,0,0
"dutchdailynews , Dutch Daily News",b'RT Goutam20: Smart cities: How is Barcelona different from Amsterdam? Mayor Eberhard van der Laan explains\\nhttp://t.co/cWWD0rI8IX Iamster\\u2026',http://m.businesstoday.in/story/smart-city-is-about-people-smes-toon-infrastructure/1/217216.html,no hashtags in this tweet,Mon Mar 23 14:21:27 +0000 2015,10686,3181,0,0
"dutchdailynews , Dutch Daily News","b'#Business Today: A #smartcity is about people, says #Amsterdam #mayor, Eberhard van der Laan http://t.co/qcNn45HCYI via BT_India'",http://businesstoday.intoday.in/story/smart-city-is-about-people-smes-toon-infrastructure/1/217216.html,"['Business', 'smartcity', 'Amsterdam', 'mayor']",Mon Mar 23 13:56:32 +0000 2015,10686,3181,0,1
"dutchdailynews , Dutch Daily News",b'RT PortofAmsterdam: Food waste becomes green energy thanks to billions of hard-working bacteria.\\nWatch the video. \\u2026 http://t.co/FNaDA82mgR',http://ow.ly/i/8lGY2,no hashtags in this tweet,Thu Mar 05 11:13:35 +0000 2015,10686,3181,0,0
"DutchNewsNL , DutchNews.NL",b'More people are worried about a terrorist attack in NL https://t.co/4LEjsnehYf',https://goo.gl/1EbC23,no hashtags in this tweet,Wed Nov 14 14:16:45 +0000 2018,14226,250,0,1
"DutchNewsNL , DutchNews.NL","b'More details about \\u2018get tough on drinking, smoking and obesity\\u2019 plans https://t.co/5S7kPxqys2'",https://goo.gl/CPD6Na,no hashtags in this tweet,Wed Nov 14 09:12:45 +0000 2018,14226,250,0,1
"DutchNewsNL , DutchNews.NL",b'Undercover police officer helped bust suspected terrorist gang https://t.co/n3Yp3TcB7U',https://goo.gl/x1HUwg,no hashtags in this tweet,Thu Oct 18 07:40:56 +0000 2018,14226,250,1,0
"DutchNewsNL , DutchNews.NL","b'The Hague stabber acted out of extremist not terrorist motive, court told https://t.co/QSslZ356ez'",https://goo.gl/e9p7Jd,no hashtags in this tweet,Mon Oct 15 10:57:41 +0000 2018,14226,250,0,0
"DutchNewsNL , DutchNews.NL",b'US government steps up travel advice after Amsterdam terrorist stabbing https://t.co/psG7Ad0d4W',https://goo.gl/bgF7w1,no hashtags in this tweet,Wed Oct 03 08:44:48 +0000 2018,14226,250,1,1
"DutchNewsNL , DutchNews.NL",b'MPs to debate claims NL funded terrorist groups in Syria https://t.co/eY4GWDoAtl',https://goo.gl/jXxAUR,no hashtags in this tweet,Tue Oct 02 09:57:30 +0000 2018,14226,250,1,1
"DutchNewsNL , DutchNews.NL",b'RT @JohnAdamsNL: The shortlist for the Man Booker Prize was announced today. American novelist Richard Powers is one of the six authors sho\\u2026',no external urls in this tweet,no hashtags in this tweet,Mon Oct 01 20:54:37 +0000 2018,14226,250,6,0
"DutchNewsNL , DutchNews.NL","b'Dutch police arrest seven men, say they foiled a major terrorist attack https://t.co/AXOhfh9iP9'",https://goo.gl/boHbHU,no hashtags in this tweet,Thu Sep 27 17:57:37 +0000 2018,14226,250,8,6
"DutchNewsNL , DutchNews.NL",b'Iran criticises the Netherlands for \\u2018sheltering terrorists\\u2019 after parade attack https://t.co/IjvTlZODC5',https://goo.gl/LmVASg,no hashtags in this tweet,Mon Sep 24 06:49:51 +0000 2018,14226,250,3,1
"DutchNewsNL , DutchNews.NL","b'The Netherlands is better prepared for hard Brexit than Britain, says Dutch PM https://t.co/cN0ZjB60c4'",https://goo.gl/3nAW6K,no hashtags in this tweet,Fri Sep 21 06:49:04 +0000 2018,14226,250,15,9
"DutchNewsNL , DutchNews.NL",b'Klaas Dijkhoff calls for tougher sentences for \\u2018ghetto\\u2019 crooks https://t.co/XSsR1xWDIJ',https://goo.gl/usG7uR,no hashtags in this tweet,Wed Sep 19 11:29:50 +0000 2018,14226,250,2,1
"DutchNewsNL , DutchNews.NL",b'Amsterdam wants Airbnb to get tough on illegal rentals https://t.co/VBDGgPMwG0',https://goo.gl/hSyBbX,no hashtags in this tweet,Tue Sep 18 08:36:02 +0000 2018,14226,250,2,0
"DutchNewsNL , DutchNews.NL","b'Dalai Lama, visiting the Netherlands, gets tough with abusers https://t.co/DjsRnnwmkV'",https://goo.gl/8UCpXP,no hashtags in this tweet,Thu Sep 13 13:44:27 +0000 2018,14226,250,1,1
"DutchNewsNL , DutchNews.NL","b""RT @fietsprofessor: Everybody wants children to exercise more.\\nWell, it is not as hard as it seems.\\n\\nThis 'Dutch School Bus' is a simple, e\\u2026""",no external urls in this tweet,no hashtags in this tweet,Tue Sep 11 19:13:08 +0000 2018,14226,250,974,0
"DutchNewsNL , DutchNews.NL","b""The Netherlands deports 2 children to Armenia, who have never been there and don't speak Armenian. 'We must be tough' says PM. #lilihowick""",no external urls in this tweet,['lilihowick'],Sat Sep 08 05:52:53 +0000 2018,14226,250,46,28
"DutchNewsNL , DutchNews.NL",b'Amsterdam station stabbing: police say focus is on a terrorist motive https://t.co/PljjrutLxf',https://goo.gl/83Sokg,no hashtags in this tweet,Sat Sep 01 18:13:38 +0000 2018,14226,250,9,6
"DutchNewsNL , DutchNews.NL","b'Amsterdam station stabber is an Afghan man, terrorist motive not ruled out https://t.co/SMSCeAyjF3'",https://goo.gl/TiHxNx,no hashtags in this tweet,Sat Sep 01 05:37:46 +0000 2018,14226,250,2,0
"DutchNewsNL , DutchNews.NL",b'Man arrested for planning a terrorist attack on Muslims https://t.co/z6PTusd5yM',https://goo.gl/qtM8Jx,no hashtags in this tweet,Wed Aug 29 13:56:42 +0000 2018,14226,250,0,0
"DutchNewsNL , DutchNews.NL","b'Four held on \\u2018terrorist threat\\u2019 charges released, no connection to suspicious suitcase https://t.co/CzeprzfgDX'",https://goo.gl/Q7qk9T,no hashtags in this tweet,Mon Aug 20 14:46:00 +0000 2018,14226,250,1,0
"DutchNewsNL , DutchNews.NL",b'Kiki Bertens is first Dutch WTA/ATP hard court winner for 12 years https://t.co/S9YqBuTOnA',https://goo.gl/RVEanz,no hashtags in this tweet,Mon Aug 20 07:43:13 +0000 2018,14226,250,6,8
"DutchNewsNL , DutchNews.NL","b""Today's newsletter: Smog warning; Amsterdam gets tough on red light crowds; five year\\xa0 high in CPI increase -\\u2026 https://t.co/AdCzrhzw4X""",https://twitter.com/i/web/status/1026834563543310336,no hashtags in this tweet,Tue Aug 07 14:16:52 +0000 2018,14226,250,3,3
"DutchNewsNL , DutchNews.NL",b'IMF: Netherlands among most affected in the event of a hard Brexit https://t.co/8MoR45ZhEu',https://goo.gl/hMdar4,no hashtags in this tweet,Fri Jul 20 08:07:34 +0000 2018,14226,250,1,1
"DutchNewsNL , DutchNews.NL",b'Sacked bankers find it hard to get a new job https://t.co/16msHeOqHT',https://goo.gl/F21viF,no hashtags in this tweet,Thu Jul 19 11:29:09 +0000 2018,14226,250,1,0
"DutchNewsNL , DutchNews.NL","b""Dutch drainage specialists on standby for Thai cave boys; Philips could pull out of UK after 'hard Brexit'; Bertens\\u2026 https://t.co/he6M4SMdTZ""",https://twitter.com/i/web/status/1016336674543034368,no hashtags in this tweet,Mon Jul 09 15:02:00 +0000 2018,14226,250,2,0
"DutchNewsNL , DutchNews.NL",b'Philips threatens to pull plug on UK if \\u2018hard Brexit\\u2019 goes ahead https://t.co/dQgLla1gQ3',https://goo.gl/kpNs2r,no hashtags in this tweet,Mon Jul 09 09:58:03 +0000 2018,14226,250,4,2
"DutchNewsNL , DutchNews.NL",b'Divorced parents face tougher sanctions for ignoring custody plans https://t.co/4gCKpddyu7',https://goo.gl/cKWyHB,no hashtags in this tweet,Thu Jul 05 12:59:39 +0000 2018,14226,250,1,2
"DutchNewsNL , DutchNews.NL","b'On the podcast, police arrest four people suspected of supplying illegal guns to terrorists in France, but terroris\\u2026 https://t.co/hJLYon1heQ'",https://twitter.com/i/web/status/1010880250107047936,no hashtags in this tweet,Sun Jun 24 13:40:07 +0000 2018,14226,250,0,0
"DutchNewsNL , DutchNews.NL","b'On the podcast this week, Schiphol airport vowed to get tough on passengers who pre-load during pre-boarding and th\\u2026 https://t.co/WtKiCSBxkW'",https://twitter.com/i/web/status/1007977360883372032,no hashtags in this tweet,Sat Jun 16 13:25:04 +0000 2018,14226,250,0,2
"DutchNewsNL , DutchNews.NL","b'On the podcast this week, torrential rain causes havoc around the country and the Dutch government gets tough on Ru\\u2026 https://t.co/cUH6ShiOPw'",https://twitter.com/i/web/status/1002901444398321664,no hashtags in this tweet,Sat Jun 02 13:15:12 +0000 2018,14226,250,0,3
"DutchNewsNL , DutchNews.NL",b'30% ruling cuts will hit hard financially and damage trust in NL: survey https://t.co/LMnoLhQ5if',https://goo.gl/FeSrb4,no hashtags in this tweet,Wed May 16 07:10:50 +0000 2018,14226,250,4,7
"DutchNewsNL , DutchNews.NL",b'Police rule out terrorist motive for triple stabbing in The Hague https://t.co/WC3WhfSPuR',https://goo.gl/6iYUfB,no hashtags in this tweet,Mon May 07 08:17:56 +0000 2018,14226,250,1,0
"DutchNewsNL , DutchNews.NL","b'Amsterdam to take more anti-terrorist measures, Rotterdam practices attack https://t.co/qij7AupdP5'",https://goo.gl/jsxm1y,no hashtags in this tweet,Thu Apr 26 08:03:49 +0000 2018,14226,250,4,1
"DutchNewsNL , DutchNews.NL","b""Today's newsletter: Poles in NL work hard for low pay; Cruijff's old home up for rent; minister attends Armenian ce\\u2026 https://t.co/Xl3PeZxzN4""",https://twitter.com/i/web/status/988785260866490368,no hashtags in this tweet,Tue Apr 24 14:22:31 +0000 2018,14226,250,3,3
"DutchNewsNL , DutchNews.NL",b'Polish community in NL works hard for low pay and wants to stay https://t.co/3g9meqUl3J',https://goo.gl/FjTbFn,no hashtags in this tweet,Tue Apr 24 08:54:47 +0000 2018,14226,250,1,4
"DutchNewsNL , DutchNews.NL",b'Food inspectors to get tough on water in meat product labeling https://t.co/e7fXOaacuu',https://goo.gl/QR56g3,no hashtags in this tweet,Fri Apr 20 08:30:50 +0000 2018,14226,250,5,3
"DutchNewsNL , DutchNews.NL","b""Socialist MP Peter Kwint - a self-confessed hardcore punk fan - is told off by the parliamentary chairwoman: 'Where\\u2026 https://t.co/BtjumXKGRq""",https://twitter.com/i/web/status/984082999699542022,no hashtags in this tweet,Wed Apr 11 14:57:25 +0000 2018,14226,250,1,2
"DutchNewsNL , DutchNews.NL","b""Today's newsletter: New rules for bankers' pay; boy, 14, arrested for Grindr attacks; councils get tough on 'Polish\\u2026 https://t.co/VRfmM12LNm""",https://twitter.com/i/web/status/981175993246285824,no hashtags in this tweet,Tue Apr 03 14:26:00 +0000 2018,14226,250,3,0
"DutchNewsNL , DutchNews.NL","b'Local councils get tough on \\u2018Polish houses\\u2019, restrict labour migrant numbers https://t.co/PpIxKOd9ii'",https://goo.gl/9p9gjW,no hashtags in this tweet,Tue Apr 03 07:52:09 +0000 2018,14226,250,1,1
